<?xml version="1.0" encoding="utf-8"?>
<extension
	type="module"
	version="3.1"
	client="site"
	method="upgrade">
	<name>Selected Tags</name>
	<author>Joomla! Project</author>
	<creationDate>January 2013</creationDate>
	<copyright>Copyright (C) 2005 - 2013 Open Source Matters. All rights reserved.</copyright>
	<license>GNU General Public License version 2 or later; see LICENSE.txt</license>
	<authorEmail>admin@joomla.org</authorEmail>
	<authorUrl>www.joomla.org</authorUrl>
	<version>3.1.0</version>
	<description>MOD_TAGS_SELECTED_XML_DESCRIPTION</description>
	<files>
		<filename module="mod_tags_selected">mod_tags_selected.php</filename>
		<folder>tmpl</folder>
		<folder>language</folder>
		<filename>helper.php</filename>
		<filename>index.html</filename>
		<filename>mod_tags_selected.xml</filename>
	</files>
	<languages>
		<language tag="en-GB">language/en-GB/en-GB.mod_tags_selected.ini</language>
		<language tag="en-GB">language/en-GB/en-GB.mod_tags_selected.sys.ini</language>
	</languages>
	<help key="JHELP_EXTENSIONS_MODULE_MANAGER_TAGS_SELECTED" />
	<config>
		<fields name="params">
			<fieldset name="basic">
                <field name="selected_tags" type="tag" required='true' label="JTAG" description="JTAG_DESC" mode="ajax"  multiple="true" />
				
				<!-- When https://github.com/joomla/joomla-cms/pull/4698 is merged this needs to change to use alias, not ID, i.e. 'SELECT type_alias AS value.....'-->
				<field name="content_types" type="sql" required='true' label="MOD_TAGS_SELECTED_CONTENT_TYPES_LABEL" description="MOD_TAGS_SELECTED_CONTENT_TYPES_DESC" query="SELECT type_id AS value, type_title FROM #__content_types" value_field="type_title" multiple="multiple" /> 
				
				<field name="state" type="radio" default="1" class='btn-group btn-group-yesno' label="MOD_TAGS_SELECTED_STATE_LABEL" description="MOD_TAGS_SELECTED_STATE_DESC">
					<option value="1">Published</option>
					<option value="0">Unpublished</option>
					<option value="1,0">Both</option>
				</field>
				
				<field name="maximum" type="integer" default="5" first="1" last="20" step="1" label="MOD_TAGS_SELECTED_MAX_LABEL" description="MOD_TAGS_SELECTED_MAX_DESC" />
				
				<field name="include_children" type="radio" default="0" class='btn-group btn-group-yesno' label="MOD_TAGS_SELECTED_INCLUDE_CHILDREN_LABEL" description="MOD_TAGS_SELECTED_INCLUDE_CHILDREN_DESC">
					<option value="1">Yes</option>
					<option value="0">No</option>
				</field>
				
				<field name="match_logic" type="radio" default="0" class='btn-group btn-group-yesno' label="MOD_TAGS_SELECTED_MATCH_LOGIC_LABEL" description="MOD_TAGS_SELECTED_MATCH_LOGIC_DESC">
					<option value="1">Any Tag</option>
					<option value="0">All Tags</option>
				</field>
				
				<field name="order_by_option" type="list" default="c.core_title" label="MOD_TAGS_SELECTED_ORDER_BY_OPTION_LABEL" description="MOD_TAGS_SELECTED_ORDER_BY_OPTION_DESC">
					<option value="c.core_title">Title</option>
					<option value="c.core_created_time">Creation Date</option>
					<option value="c.core_modified_time">Modification Date</option>
				</field>				
				
				<field name="order_dir" type="radio" default="ASC" class='btn-group btn-group-yesno'  label="MOD_TAGS_SELECTED_ORDER_DIR_LABEL" description="MOD_TAGS_SELECTED_ORDER_DIR_DESC">
					<option value="ASC">Ascending</option>
					<option value="DESC">Descending</option>
				</field>
			</fieldset>
			
            <fieldset name="display" label="MOD_TAGS_SELECTED_DISPLAY_OPTIONS_FIELDSET_LABEL">
                <field name="show_type" type="radio" default="0" class='btn-group btn-group-yesno' label="MOD_TAGS_SELECTED_SHOW_TYPE_LABEL" description="MOD_TAGS_SELECTED_SHOW_TYPE_DESC">
                    <option value="1">Yes</option>
                    <option value="0">No</option>
                </field>
                
                <field name="show_author" type="radio" default="0" class='btn-group btn-group-yesno' label="MOD_TAGS_SELECTED_SHOW_AUTHOR_LABEL" description="MOD_TAGS_SELECTED_SHOW_AUTHOR_DESC">
                    <option value="1">Yes</option>
                    <option value="0">No</option>
                </field>
                
                <field name="show_date" type="radio" default="0" class='btn-group btn-group-yesno' label="MOD_TAGS_SELECTED_SHOW_DATE_LABEL" description="MOD_TAGS_SELECTED_SHOW_DATE_DESC">
                    <option value="1">Yes</option>
                    <option value="0">No</option>
                </field>	
                
                <field name="date_option" type="list" default="core_publish_up" label="MOD_TAGS_SELECTED_DATE_OPTION_LABEL" description="MOD_TAGS_SELECTED_DATE_OPTION_DESC">
                    <option value="core_publish_up">Publish Date</option>
                    <option value="core_created_time">Creation Date</option>
                    <option value="core_modified_time">Modification Date</option>
                </field>    
            </fieldset>
            
			<fieldset
				name="advanced">
				<field
					name="layout"
					type="modulelayout"
					label="JFIELD_ALT_LAYOUT_LABEL"
					description="JFIELD_ALT_MODULE_LAYOUT_DESC" />
				<field
					name="moduleclass_sfx"
					type="textarea" rows="3"
					label="COM_MODULES_FIELD_MODULECLASS_SFX_LABEL"
					description="COM_MODULES_FIELD_MODULECLASS_SFX_DESC" />
				<field
					name="owncache"
					type="list"
					default="1"
					label="COM_MODULES_FIELD_CACHING_LABEL"
					description="COM_MODULES_FIELD_CACHING_DESC">
					<option
						value="1">JGLOBAL_USE_GLOBAL</option>
					<option
						value="0">COM_MODULES_FIELD_VALUE_NOCACHING</option>
				</field>
			</fieldset>
		</fields>
	</config>
</extension>
